tu_khoa,tinh_cu
ha noi,Hà Nội
hanoi,Hà Nội
tphcm,TP Hồ Chí Minh
tp hcm,TP Hồ Chí Minh
thanh pho ho chi minh,TP Hồ Chí Minh
sai gon,TP Hồ Chí Minh
hue,Huế
phu xuan,Huế
da nang,Đà Nẵng
duy tan,Đà Nẵng
can tho,Cần Thơ
nam can tho,Cần Thơ
tay do,Cần Thơ
hai phong,Hải Phòng
thai nguyen,Thái Nguyên
vinh,Nghệ An
nghe an,Nghệ An
van xuan,Nghệ An
thanh hoa,Thanh Hóa
hong duc,Thanh Hóa
ha tinh,Hà Tĩnh
quang binh,Quảng Bình
quang tri,Quảng Trị
quang nam,Quảng Nam
phan chau trinh,Quảng Nam
quang ngai,Quảng Ngãi
pham van dong,Quảng Ngãi
quy nhon,Bình Định
binh dinh,Bình Định
quang trung,Bình Định
gia lai,Gia Lai
phu yen,Phú Yên
mien trung,Phú Yên
dak lak,Đắk Lắk
buon ma thuot,Đắk Lắk
tay nguyen,Đắk Lắk
khanh hoa,Khánh Hòa
nha trang,Khánh Hòa
thai binh duong,Khánh Hòa
ninh thuan,Ninh Thuận
binh thuan,Bình Thuận
phan thiet,Bình Thuận
lam dong,Lâm Đồng
da lat,Lâm Đồng
yersin,Lâm Đồng
kon tum,Kon Tum
dong nai,Đồng Nai
lac hong,Đồng Nai
binh duong,Bình Dương
thu dau mot,Bình Dương
viet duc,Bình Dương
ba ria,Bà Rịa Vũng Tàu
vung tau,Bà Rịa Vũng Tàu
dau khi,Bà Rịa Vũng Tàu
long an,Long An
tan tao,Long An
tay ninh,Tây Ninh
ben tre,Bến Tre
tra vinh,Trà Vinh
vinh long,Vĩnh Long
cuu long,Vĩnh Long
mien tay,Vĩnh Long
tien giang,Tiền Giang
dong thap,Đồng Tháp
soc trang,Sóc Trăng
hau giang,Hậu Giang
vo truong toan,Hậu Giang
bac lieu,Bạc Liêu
ca mau,Cà Mau
kien giang,Kiên Giang
an giang,An Giang
ninh binh,Ninh Bình
hoa lu,Ninh Bình
nam dinh,Nam Định
luong the vinh,Nam Định
ha nam,Hà Nam
thai binh,Thái Bình
hung yen,Hưng Yên
tokyo viet nam,Hưng Yên
bac ninh,Bắc Ninh
kinh bac,Bắc Ninh
bac ha,Bắc Ninh
bac giang,Bắc Giang
phu tho,Phú Thọ
hung vuong,Phú Thọ
viet tri,Phú Thọ
vinh phuc,Vĩnh Phúc
trung vuong,Vĩnh Phúc
son la,Sơn La
tay bac,Sơn La
dien bien,Điện Biên
lai chau,Lai Châu
lao cai,Lào Cai
yen bai,Yên Bái
tuyen quang,Tuyên Quang
tan trao,Tuyên Quang
ha giang,Hà Giang
bac kan,Bắc Kạn
cao bang,Cao Bằng
lang son,Lạng Sơn
quang ninh,Quảng Ninh
ha long,Quảng Ninh
hai duong,Hải Dương
sao do,Hải Dương
thanh dong,Hải Dương
hoa binh,Hà Nội
phenikaa,Hà Nội
fpt,Hà Nội
thang long,Hà Nội
dai nam,Hà Nội
dong do,Hà Nội
phuong dong,Hà Nội
nguyen trai,Hà Nội
cmc,Hà Nội
intracom,Hà Nội
thanh do,Hà Nội
viet nhat,Hà Nội
viet hung,Hà Nội
hoa sen,TP Hồ Chí Minh
gia dinh,TP Hồ Chí Minh
van lang,TP Hồ Chí Minh
van hien,TP Hồ Chí Minh
ton duc thang,TP Hồ Chí Minh
nguyen tat thanh,TP Hồ Chí Minh
hong bang,TP Hồ Chí Minh
hutech,TP Hồ Chí Minh
hung vuong tphcm,TP Hồ Chí Minh
